{"cameraMode":{"drawMode":0,"name":"Shaded","section":"Shading Mode"},"sceneLighting":true,"audioPlay":false,"sceneViewState":{"showFog":true,"showMaterialUpdate":false,"showSkybox":true,"showFlares":true,"showImageEffects":true,"showParticleSystems":true},"in2DMode":false,"pivot":{"x":1.4829307794570923,"y":17.102018356323243,"z":3.6290206909179689},"rotation":{"x":0.024168893694877626,"y":0.11018961668014527,"z":-0.0026021944358944895,"w":0.9936898350715637},"size":-0.1832427978515625,"orthographic":false}