{"cameraMode":{"drawMode":0,"name":"Shaded","section":"Shading Mode"},"sceneLighting":true,"audioPlay":false,"sceneViewState":{"showFog":true,"showMaterialUpdate":false,"showSkybox":true,"showFlares":true,"showImageEffects":true,"showParticleSystems":true},"in2DMode":false,"pivot":{"x":-1.2120635509490967,"y":6.192859172821045,"z":-82.24250793457031},"rotation":{"x":0.13174483180046082,"y":0.6961292624473572,"z":-0.13229942321777345,"w":0.6932157874107361},"size":6.866854190826416,"orthographic":false}