{"cameraMode":{"drawMode":0,"name":"Shaded","section":"Shading Mode"},"sceneLighting":true,"audioPlay":false,"sceneViewState":{"showFog":true,"showMaterialUpdate":false,"showSkybox":true,"showFlares":true,"showImageEffects":true,"showParticleSystems":true},"in2DMode":false,"pivot":{"x":-0.34136104583740237,"y":7.222052097320557,"z":55.567527770996097},"rotation":{"x":0.13822506368160249,"y":0.7083287835121155,"z":-0.14450180530548097,"w":0.677079439163208},"size":5.043315887451172,"orthographic":false}