{"cameraMode":{"drawMode":0,"name":"Shaded","section":"Shading Mode"},"sceneLighting":true,"audioPlay":false,"sceneViewState":{"showFog":true,"showMaterialUpdate":false,"showSkybox":true,"showFlares":true,"showImageEffects":true,"showParticleSystems":true},"in2DMode":false,"pivot":{"x":-1.0131479501724244,"y":9.473264694213868,"z":-20.532066345214845},"rotation":{"x":0.0686802938580513,"y":-0.12741100788116456,"z":0.008933305740356446,"w":0.9895063638687134},"size":29.197006225585939,"orthographic":false}