{"cameraMode":{"drawMode":0,"name":"Shaded","section":"Shading Mode"},"sceneLighting":true,"audioPlay":false,"sceneViewState":{"showFog":true,"showMaterialUpdate":false,"showSkybox":true,"showFlares":true,"showImageEffects":true,"showParticleSystems":true},"in2DMode":false,"pivot":{"x":16.065738677978517,"y":15.75702953338623,"z":5.961416721343994},"rotation":{"x":0.0361703485250473,"y":-0.9636799693107605,"z":0.1921972632408142,"w":0.18262332677841187},"size":13.46668815612793,"orthographic":false}