{"cameraMode":{"drawMode":0,"name":"Shaded","section":"Shading Mode"},"sceneLighting":true,"audioPlay":false,"sceneViewState":{"showFog":true,"showMaterialUpdate":false,"showSkybox":true,"showFlares":true,"showImageEffects":true,"showParticleSystems":true},"in2DMode":false,"pivot":{"x":-3.1916353702545168,"y":7.282064437866211,"z":-14.78145694732666},"rotation":{"x":-0.05572890862822533,"y":-0.9189460277557373,"z":0.1405850648880005,"w":-0.36426377296447756},"size":10.0,"orthographic":false}